include,label,title,pathology_category,assigned_groups,structure_id,rung_tag,rung_type,source_route,space_group,radiation,R1,wR2,Rint,completeness,alerts_A,alerts_B,alerts_C,catastrophic,cif_path,fcf_available,suggested_label
,,,Reference (no degradation),,ej2019,00_reference,data-degradation,synthetic-degraded,C 2/c,Mo,0.0544,0.1471,0.080,98.8%,0,0,12,,Pipeline/Good_Structures_and_data/ej2019/ladder/rung_00_reference/I.cif,yes,ej2019_reference
,,,Data quality — low resolution,,ej2019,01_res_1p0,data-degradation,synthetic-degraded,C 2/c,Mo,0.0438,0.1240,0.052,99.6%,2,0,12,,Pipeline/Good_Structures_and_data/ej2019/ladder/rung_01_res_1p0/I.cif,yes,ej2019_res1p0
,,,Data quality — low resolution,,ej2019,02_res_1p2,data-degradation,synthetic-degraded,C 2/c,Mo,0.0422,0.1193,0.041,99.5%,4,1,11,,Pipeline/Good_Structures_and_data/ej2019/ladder/rung_02_res_1p2/I.cif,yes,ej2019_res1p2
,,,Data quality — incomplete data,,ej2019,03_complete_88,data-degradation,synthetic-degraded,C 2/c,Mo,0.0543,0.1472,0.081,87.0%,1,1,9,,Pipeline/Good_Structures_and_data/ej2019/ladder/rung_03_complete_88/I.cif,yes,ej2019_complete88
,,,Data quality — incomplete data,,ej2019,04_complete_80,data-degradation,synthetic-degraded,C 2/c,Mo,0.0542,0.1493,0.080,79.5%,1,1,10,,Pipeline/Good_Structures_and_data/ej2019/ladder/rung_04_complete_80/I.cif,yes,ej2019_complete80
,,,Data quality — systematic gaps (3DED geometry),,ej2019,05_cone_3ded,data-degradation,synthetic-degraded,C 2/c,Mo,0.0559,0.1481,0.082,80.7%,1,1,12,,Pipeline/Good_Structures_and_data/ej2019/ladder/rung_05_cone_3ded/I.cif,yes,ej2019_cone3ded
,,,Data quality — low-angle wedge missing,,ej2019,06_wedge_lowang,data-degradation,synthetic-degraded,C 2/c,Mo,0.0549,0.1477,0.094,98.3%,0,0,11,,Pipeline/Good_Structures_and_data/ej2019/ladder/rung_06_wedge_lowang/I.cif,yes,ej2019_wedgelowang
,,,Data quality — weak data,,ej2019,07_weak,data-degradation,synthetic-degraded,C 2/c,Mo,0.0466,0.1209,0.080,98.8%,0,0,11,,Pipeline/Good_Structures_and_data/ej2019/ladder/rung_07_weak/I.cif,yes,ej2019_weak
,,,Data quality — absorption error,,ej2019,08_absorption,data-degradation,synthetic-degraded,C 2/c,Mo,0.1015,0.2669,0.443,98.8%,4,1,11,,Pipeline/Good_Structures_and_data/ej2019/ladder/rung_08_absorption/I.cif,yes,ej2019_absorption
,,,Missed symmetry,,ej2019,ms,missed-symmetry,synthetic-wrong-symmetry,C 2/c,Mo,0.4423,9.1359,0.074,98.0%,212,42,427,,Pipeline/Good_Structures_and_data/ej2019/ladder/rung_ms/I.cif,yes,ej2019_ms
,,,Atom misassignment,,ej2019,wa,wrong-atom,synthetic-wrong-atom,C 2/c,Mo,0.0617,0.1785,0.080,98.8%,0,5,12,,Pipeline/Good_Structures_and_data/ej2019/ladder/rung_wa/I.cif,yes,ej2019_wa
,,,Reference (no degradation),,hb8120,00_reference,data-degradation,synthetic-degraded,P 21/n,Mo,0.0425,0.1159,0.060,99.6%,0,0,4,,Pipeline/Good_Structures_and_data/hb8120/ladder/rung_00_reference/I.cif,yes,hb8120_reference
,,,Data quality — low resolution,,hb8120,01_res_1p0,data-degradation,synthetic-degraded,P 21/n,Mo,0.0340,0.0857,0.052,100.0%,1,1,9,,Pipeline/Good_Structures_and_data/hb8120/ladder/rung_01_res_1p0/I.cif,yes,hb8120_res1p0
,,,Data quality — low resolution,,hb8120,02_res_1p2,data-degradation,synthetic-degraded,P 21/n,Mo,0.0285,0.0722,0.048,100.0%,4,1,10,,Pipeline/Good_Structures_and_data/hb8120/ladder/rung_02_res_1p2/I.cif,yes,hb8120_res1p2
,,,Data quality — incomplete data,,hb8120,03_complete_88,data-degradation,synthetic-degraded,P 21/n,Mo,0.0417,0.1133,0.061,87.6%,1,1,4,,Pipeline/Good_Structures_and_data/hb8120/ladder/rung_03_complete_88/I.cif,yes,hb8120_complete88
,,,Data quality — incomplete data,,hb8120,04_complete_80,data-degradation,synthetic-degraded,P 21/n,Mo,0.0418,0.1154,0.060,79.4%,1,1,3,,Pipeline/Good_Structures_and_data/hb8120/ladder/rung_04_complete_80/I.cif,yes,hb8120_complete80
,,,Data quality — systematic gaps (3DED geometry),,hb8120,05_cone_3ded,data-degradation,synthetic-degraded,P 21/n,Mo,0.0420,0.1156,0.059,81.5%,1,1,6,,Pipeline/Good_Structures_and_data/hb8120/ladder/rung_05_cone_3ded/I.cif,yes,hb8120_cone3ded
,,,Data quality — low-angle wedge missing,,hb8120,06_wedge_lowang,data-degradation,synthetic-degraded,P 21/n,Mo,0.0435,0.1158,0.065,99.4%,0,0,5,,Pipeline/Good_Structures_and_data/hb8120/ladder/rung_06_wedge_lowang/I.cif,yes,hb8120_wedgelowang
,,,Data quality — weak data,,hb8120,07_weak,data-degradation,synthetic-degraded,P 21/n,Mo,0.0390,0.1027,0.059,99.6%,0,0,6,,Pipeline/Good_Structures_and_data/hb8120/ladder/rung_07_weak/I.cif,yes,hb8120_weak
,,,Data quality — absorption error,,hb8120,08_absorption,data-degradation,synthetic-degraded,P 21/n,Mo,0.0543,0.1561,0.187,99.6%,0,0,6,,Pipeline/Good_Structures_and_data/hb8120/ladder/rung_08_absorption/I.cif,yes,hb8120_absorption
,,,Missed symmetry,,hb8120,ms,missed-symmetry,synthetic-wrong-symmetry,P 21/n,Mo,0.0431,0.1155,0.057,99.0%,18,8,35,,Pipeline/Good_Structures_and_data/hb8120/ladder/rung_ms/I.cif,yes,hb8120_ms
,,,Atom misassignment,,hb8120,wa,wrong-atom,synthetic-wrong-atom,P 21/n,Mo,0.0444,0.1224,0.060,99.6%,2,0,9,,Pipeline/Good_Structures_and_data/hb8120/ladder/rung_wa/I.cif,yes,hb8120_wa
,,,Reference (no degradation),,wm5793,00_reference,data-degradation,synthetic-degraded,P 21 21 21,Mo,0.0401,0.0891,0.077,100.0%,0,0,6,,Pipeline/Good_Structures_and_data/wm5793/ladder/rung_00_reference/I.cif,yes,wm5793_reference
,,,Data quality — low resolution,,wm5793,01_res_1p0,data-degradation,synthetic-degraded,P 21 21 21,Mo,0.0253,0.0612,0.056,100.0%,3,2,6,,Pipeline/Good_Structures_and_data/wm5793/ladder/rung_01_res_1p0/I.cif,yes,wm5793_res1p0
,,,Data quality — low resolution,,wm5793,02_res_1p2,data-degradation,synthetic-degraded,P 21 21 21,Mo,0.0182,0.0466,0.047,100.0%,4,0,7,,Pipeline/Good_Structures_and_data/wm5793/ladder/rung_02_res_1p2/I.cif,yes,wm5793_res1p2
,,,Data quality — incomplete data,,wm5793,03_complete_88,data-degradation,synthetic-degraded,P 21 21 21,Mo,0.0394,0.0883,0.075,88.0%,0,2,6,,Pipeline/Good_Structures_and_data/wm5793/ladder/rung_03_complete_88/I.cif,yes,wm5793_complete88
,,,Data quality — incomplete data,,wm5793,04_complete_80,data-degradation,synthetic-degraded,P 21 21 21,Mo,0.0398,0.0884,0.078,80.0%,1,1,5,,Pipeline/Good_Structures_and_data/wm5793/ladder/rung_04_complete_80/I.cif,yes,wm5793_complete80
,,,Data quality — systematic gaps (3DED geometry),,wm5793,05_cone_3ded,data-degradation,synthetic-degraded,P 21 21 21,Mo,0.0396,0.0878,0.076,82.0%,1,1,6,,Pipeline/Good_Structures_and_data/wm5793/ladder/rung_05_cone_3ded/I.cif,yes,wm5793_cone3ded
,,,Data quality — low-angle wedge missing,,wm5793,06_wedge_lowang,data-degradation,synthetic-degraded,P 21 21 21,Mo,0.0424,0.0989,0.082,100.0%,0,0,7,,Pipeline/Good_Structures_and_data/wm5793/ladder/rung_06_wedge_lowang/I.cif,yes,wm5793_wedgelowang
,,,Data quality — weak data,,wm5793,07_weak,data-degradation,synthetic-degraded,P 21 21 21,Mo,0.0326,0.0959,0.077,100.0%,0,0,6,,Pipeline/Good_Structures_and_data/wm5793/ladder/rung_07_weak/I.cif,yes,wm5793_weak
,,,Data quality — absorption error,,wm5793,08_absorption,data-degradation,synthetic-degraded,P 21 21 21,Mo,0.0629,0.1625,0.201,100.0%,0,1,4,,Pipeline/Good_Structures_and_data/wm5793/ladder/rung_08_absorption/I.cif,yes,wm5793_absorption
,,,Atom misassignment,,wm5793,wa,wrong-atom,synthetic-wrong-atom,P 21 21 21,Mo,0.0526,0.1509,0.077,100.0%,1,1,5,,Pipeline/Good_Structures_and_data/wm5793/ladder/rung_wa/I.cif,yes,wm5793_wa
,,,Reference (no degradation),,yz2076,00_reference,data-degradation,synthetic-degraded,P -1,Mo,0.0319,0.0941,0.038,97.4%,0,0,4,,Pipeline/Good_Structures_and_data/yz2076/ladder/rung_00_reference/I.cif,yes,yz2076_reference
,,,Data quality — low resolution,,yz2076,01_res_1p0,data-degradation,synthetic-degraded,P -1,Mo,0.0219,0.0585,0.022,99.8%,1,0,4,,Pipeline/Good_Structures_and_data/yz2076/ladder/rung_01_res_1p0/I.cif,yes,yz2076_res1p0
,,,Data quality — low resolution,,yz2076,02_res_1p2,data-degradation,synthetic-degraded,P -1,Mo,0.0194,0.0523,0.020,99.6%,7,4,12,,Pipeline/Good_Structures_and_data/yz2076/ladder/rung_02_res_1p2/I.cif,yes,yz2076_res1p2
,,,Data quality — incomplete data,,yz2076,03_complete_88,data-degradation,synthetic-degraded,P -1,Mo,0.0319,0.0944,0.038,86.0%,1,0,4,,Pipeline/Good_Structures_and_data/yz2076/ladder/rung_03_complete_88/I.cif,yes,yz2076_complete88
,,,Data quality — incomplete data,,yz2076,04_complete_80,data-degradation,synthetic-degraded,P -1,Mo,0.0318,0.0940,0.038,78.2%,1,0,2,,Pipeline/Good_Structures_and_data/yz2076/ladder/rung_04_complete_80/I.cif,yes,yz2076_complete80
,,,Data quality — systematic gaps (3DED geometry),,yz2076,05_cone_3ded,data-degradation,synthetic-degraded,P -1,Mo,0.0317,0.0934,0.037,79.8%,1,0,3,,Pipeline/Good_Structures_and_data/yz2076/ladder/rung_05_cone_3ded/I.cif,yes,yz2076_cone3ded
,,,Data quality — low-angle wedge missing,,yz2076,06_wedge_lowang,data-degradation,synthetic-degraded,P -1,Mo,0.0325,0.0952,0.043,97.3%,0,0,4,,Pipeline/Good_Structures_and_data/yz2076/ladder/rung_06_wedge_lowang/I.cif,yes,yz2076_wedgelowang
,,,Data quality — weak data,,yz2076,07_weak,data-degradation,synthetic-degraded,P -1,Mo,0.0301,0.0906,0.038,97.4%,0,1,5,,Pipeline/Good_Structures_and_data/yz2076/ladder/rung_07_weak/I.cif,yes,yz2076_weak
,,,Data quality — absorption error,,yz2076,08_absorption,data-degradation,synthetic-degraded,P -1,Mo,0.0659,0.1851,0.038,97.4%,2,12,17,,Pipeline/Good_Structures_and_data/yz2076/ladder/rung_08_absorption/I.cif,yes,yz2076_absorption
,,,Reference (no degradation),,nx2032,00_reference,data-degradation,synthetic-degraded,P -4 21 c,Mo,0.0240,0.0575,0.049,100.0%,0,0,2,,Pipeline/Good_Structures_and_data/nx2032/ladder/rung_00_reference/I.cif,yes,nx2032_reference
,,,Data quality — low resolution,,nx2032,01_res_1p0,data-degradation,synthetic-degraded,P -4 21 c,Mo,0.0177,0.0434,0.034,99.0%,1,1,3,,Pipeline/Good_Structures_and_data/nx2032/ladder/rung_01_res_1p0/I.cif,yes,nx2032_res1p0
,,,Data quality — low resolution,,nx2032,02_res_1p2,data-degradation,synthetic-degraded,P -4 21 c,Mo,0.0147,0.0369,0.028,99.0%,5,1,7,,Pipeline/Good_Structures_and_data/nx2032/ladder/rung_02_res_1p2/I.cif,yes,nx2032_res1p2
,,,Data quality — incomplete data,,nx2032,03_complete_88,data-degradation,synthetic-degraded,P -4 21 c,Mo,0.0239,0.0570,0.048,87.0%,1,1,2,,Pipeline/Good_Structures_and_data/nx2032/ladder/rung_03_complete_88/I.cif,yes,nx2032_complete88
,,,Data quality — incomplete data,,nx2032,04_complete_80,data-degradation,synthetic-degraded,P -4 21 c,Mo,0.0239,0.0573,0.049,80.0%,1,1,2,,Pipeline/Good_Structures_and_data/nx2032/ladder/rung_04_complete_80/I.cif,yes,nx2032_complete80
,,,Data quality — systematic gaps (3DED geometry),,nx2032,05_cone_3ded,data-degradation,synthetic-degraded,P -4 21 c,Mo,0.0253,0.0586,0.048,100.0%,0,0,2,,Pipeline/Good_Structures_and_data/nx2032/ladder/rung_05_cone_3ded/I.cif,yes,nx2032_cone3ded
,,,Data quality — low-angle wedge missing,,nx2032,06_wedge_lowang,data-degradation,synthetic-degraded,P -4 21 c,Mo,0.0241,0.0577,0.053,100.0%,0,0,3,,Pipeline/Good_Structures_and_data/nx2032/ladder/rung_06_wedge_lowang/I.cif,yes,nx2032_wedgelowang
,,,Data quality — weak data,,nx2032,07_weak,data-degradation,synthetic-degraded,P -4 21 c,Mo,0.0232,0.0513,0.049,100.0%,0,0,2,,Pipeline/Good_Structures_and_data/nx2032/ladder/rung_07_weak/I.cif,yes,nx2032_weak
,,,Data quality — absorption error,,nx2032,08_absorption,data-degradation,synthetic-degraded,P -4 21 c,Mo,0.0470,0.1241,0.287,100.0%,0,0,2,,Pipeline/Good_Structures_and_data/nx2032/ladder/rung_08_absorption/I.cif,yes,nx2032_absorption
,,,Atom misassignment,,nx2032,wa,wrong-atom,synthetic-wrong-atom,P -4 21 c,Mo,0.1303,0.3383,0.049,100.0%,3,5,13,,Pipeline/Good_Structures_and_data/nx2032/ladder/rung_wa/I.cif,yes,nx2032_wa
,,,Reference (no degradation),,jp2026,00_reference,data-degradation,synthetic-degraded,P b c a,Mo,0.0562,0.1377,0.076,92.6%,0,0,4,,Pipeline/Good_Structures_and_data/jp2026/ladder/rung_00_reference/I.cif,yes,jp2026_reference
,,,Data quality — low resolution,,jp2026,01_res_1p0,data-degradation,synthetic-degraded,P b c a,Mo,0.0345,0.0878,0.060,99.8%,1,1,4,,Pipeline/Good_Structures_and_data/jp2026/ladder/rung_01_res_1p0/I.cif,yes,jp2026_res1p0
,,,Data quality — low resolution,,jp2026,02_res_1p2,data-degradation,synthetic-degraded,P b c a,Mo,0.0280,0.0668,0.052,99.7%,2,0,4,,Pipeline/Good_Structures_and_data/jp2026/ladder/rung_02_res_1p2/I.cif,yes,jp2026_res1p2
,,,Data quality — incomplete data,,jp2026,03_complete_88,data-degradation,synthetic-degraded,P b c a,Mo,0.0556,0.1378,0.079,81.5%,1,1,4,,Pipeline/Good_Structures_and_data/jp2026/ladder/rung_03_complete_88/I.cif,yes,jp2026_complete88
,,,Data quality — incomplete data,,jp2026,04_complete_80,data-degradation,synthetic-degraded,P b c a,Mo,0.0540,0.1329,0.073,73.9%,1,1,4,,Pipeline/Good_Structures_and_data/jp2026/ladder/rung_04_complete_80/I.cif,yes,jp2026_complete80
,,,Data quality — systematic gaps (3DED geometry),,jp2026,05_cone_3ded,data-degradation,synthetic-degraded,P b c a,Mo,0.0562,0.1364,0.078,75.9%,1,1,5,,Pipeline/Good_Structures_and_data/jp2026/ladder/rung_05_cone_3ded/I.cif,yes,jp2026_cone3ded
,,,Data quality — low-angle wedge missing,,jp2026,06_wedge_lowang,data-degradation,synthetic-degraded,P b c a,Mo,0.0572,0.1352,0.087,92.1%,0,1,5,,Pipeline/Good_Structures_and_data/jp2026/ladder/rung_06_wedge_lowang/I.cif,yes,jp2026_wedgelowang
,,,Data quality — weak data,,jp2026,07_weak,data-degradation,synthetic-degraded,P b c a,Mo,0.0442,0.0813,0.076,92.6%,0,0,4,,Pipeline/Good_Structures_and_data/jp2026/ladder/rung_07_weak/I.cif,yes,jp2026_weak
,,,Data quality — absorption error,,jp2026,08_absorption,data-degradation,synthetic-degraded,P b c a,Mo,0.0738,0.2138,0.183,92.6%,0,1,5,,Pipeline/Good_Structures_and_data/jp2026/ladder/rung_08_absorption/I.cif,yes,jp2026_absorption
,,,Missed symmetry,,jp2026,ms,missed-symmetry,synthetic-wrong-symmetry,P b c a,Mo,0.0588,0.1375,0.073,87.0%,5,8,12,,Pipeline/Good_Structures_and_data/jp2026/ladder/rung_ms/I.cif,yes,jp2026_ms
,,,Atom misassignment,,jp2026,wa,wrong-atom,synthetic-wrong-atom,P b c a,Mo,0.1830,0.5133,0.076,92.6%,6,6,16,,Pipeline/Good_Structures_and_data/jp2026/ladder/rung_wa/I.cif,yes,jp2026_wa
,,,Missing atoms,,jp2026,ma,missing-atoms,synthetic-missing-atoms,P b c a,Mo,0.2283,0.6148,0.076,92.6%,6,4,13,,Pipeline/Good_Structures_and_data/jp2026/ladder/rung_ma/I.cif,yes,jp2026_ma
,,,Reference (no degradation),,nu2017,00_reference,data-degradation,synthetic-degraded,P 21/c,Cu,,,0.000,99.8%,0,0,4,,Pipeline/Good_Structures_and_data/nu2017/ladder/rung_00_reference/I.cif,yes,nu2017_reference
,,,Data quality — incomplete data,,nu2017,01_complete_88,data-degradation,synthetic-degraded,P 21/c,Cu,,,0.000,88.1%,1,1,7,,Pipeline/Good_Structures_and_data/nu2017/ladder/rung_01_complete_88/I.cif,yes,nu2017_complete88
,,,Data quality — incomplete data,,nu2017,02_complete_80,data-degradation,synthetic-degraded,P 21/c,Cu,,,0.000,80.0%,1,1,9,,Pipeline/Good_Structures_and_data/nu2017/ladder/rung_02_complete_80/I.cif,yes,nu2017_complete80
,,,Data quality — systematic gaps (3DED geometry),,nu2017,03_cone_3ded,data-degradation,synthetic-degraded,P 21/c,Cu,,,0.000,82.1%,1,1,4,,Pipeline/Good_Structures_and_data/nu2017/ladder/rung_03_cone_3ded/I.cif,yes,nu2017_cone3ded
,,,Data quality — low-angle wedge missing,,nu2017,04_wedge_lowang,data-degradation,synthetic-degraded,P 21/c,Cu,,,0.000,66.5%,7,5,17,,Pipeline/Good_Structures_and_data/nu2017/ladder/rung_04_wedge_lowang/I.cif,yes,nu2017_wedgelowang
,,,Data quality — weak data,,nu2017,05_weak,data-degradation,synthetic-degraded,P 21/c,Cu,,,0.000,99.8%,0,0,4,,Pipeline/Good_Structures_and_data/nu2017/ladder/rung_05_weak/I.cif,yes,nu2017_weak
,,,Data quality — absorption error,,nu2017,06_absorption,data-degradation,synthetic-degraded,P 21/c,Cu,,,0.000,99.8%,0,1,5,,Pipeline/Good_Structures_and_data/nu2017/ladder/rung_06_absorption/I.cif,yes,nu2017_absorption
,,,Reference (no degradation),,nx2034,00_reference,data-degradation,synthetic-degraded,P 21/c,Cu,0.0462,0.1411,0.052,99.7%,4,2,7,,Pipeline/Good_Structures_and_data/nx2034/ladder/rung_00_reference/h200.cif,yes,nx2034_reference
,,,Data quality — incomplete data,,nx2034,01_complete_88,data-degradation,synthetic-degraded,P 21/c,Cu,0.0460,0.1408,0.052,87.6%,5,3,7,,Pipeline/Good_Structures_and_data/nx2034/ladder/rung_01_complete_88/h200.cif,yes,nx2034_complete88
,,,Data quality — incomplete data,,nx2034,02_complete_80,data-degradation,synthetic-degraded,P 21/c,Cu,0.0472,0.1461,0.052,79.1%,5,3,9,,Pipeline/Good_Structures_and_data/nx2034/ladder/rung_02_complete_80/h200.cif,yes,nx2034_complete80
,,,Data quality — systematic gaps (3DED geometry),,nx2034,03_cone_3ded,data-degradation,synthetic-degraded,P 21/c,Cu,0.0453,0.1418,0.051,81.5%,5,3,7,,Pipeline/Good_Structures_and_data/nx2034/ladder/rung_03_cone_3ded/h200.cif,yes,nx2034_cone3ded
,,,Data quality — low-angle wedge missing,,nx2034,04_wedge_lowang,data-degradation,synthetic-degraded,P 21/c,Cu,0.0455,0.1238,0.054,99.2%,4,0,7,,Pipeline/Good_Structures_and_data/nx2034/ladder/rung_04_wedge_lowang/h200.cif,yes,nx2034_wedgelowang
,,,Data quality — weak data,,nx2034,05_weak,data-degradation,synthetic-degraded,P 21/c,Cu,0.0705,0.1475,0.052,99.7%,4,0,11,,Pipeline/Good_Structures_and_data/nx2034/ladder/rung_05_weak/h200.cif,yes,nx2034_weak
,,,Data quality — absorption error,,nx2034,06_absorption,data-degradation,synthetic-degraded,P 21/c,Cu,0.0567,0.1689,0.084,99.7%,4,1,8,,Pipeline/Good_Structures_and_data/nx2034/ladder/rung_06_absorption/h200.cif,yes,nx2034_absorption
,,,Reference (no degradation),,wm2328,00_reference,data-degradation,synthetic-degraded,P 21 21 21,Cu,0.0407,0.0955,0.051,99.0%,4,1,8,,Pipeline/Good_Structures_and_data/wm2328/ladder/rung_00_reference/I.cif,yes,wm2328_reference
,,,Data quality — incomplete data,,wm2328,01_complete_88,data-degradation,synthetic-degraded,P 21 21 21,Cu,0.0403,0.0943,0.051,87.0%,5,2,6,,Pipeline/Good_Structures_and_data/wm2328/ladder/rung_01_complete_88/I.cif,yes,wm2328_complete88
,,,Data quality — incomplete data,,wm2328,02_complete_80,data-degradation,synthetic-degraded,P 21 21 21,Cu,0.0398,0.0926,0.049,79.0%,5,2,8,,Pipeline/Good_Structures_and_data/wm2328/ladder/rung_02_complete_80/I.cif,yes,wm2328_complete80
,,,Data quality — systematic gaps (3DED geometry),,wm2328,03_cone_3ded,data-degradation,synthetic-degraded,P 21 21 21,Cu,0.0393,0.0925,0.051,81.0%,5,2,7,,Pipeline/Good_Structures_and_data/wm2328/ladder/rung_03_cone_3ded/I.cif,yes,wm2328_cone3ded
,,,Data quality — low-angle wedge missing,,wm2328,04_wedge_lowang,data-degradation,synthetic-degraded,P 21 21 21,Cu,0.0413,0.0970,0.054,99.0%,4,1,7,,Pipeline/Good_Structures_and_data/wm2328/ladder/rung_04_wedge_lowang/I.cif,yes,wm2328_wedgelowang
,,,Data quality — weak data,,wm2328,05_weak,data-degradation,synthetic-degraded,P 21 21 21,Cu,0.0362,0.0794,0.051,99.0%,4,1,8,,Pipeline/Good_Structures_and_data/wm2328/ladder/rung_05_weak/I.cif,yes,wm2328_weak
,,,Data quality — absorption error,,wm2328,06_absorption,data-degradation,synthetic-degraded,P 21 21 21,Cu,0.0599,0.1631,0.190,99.0%,4,1,7,,Pipeline/Good_Structures_and_data/wm2328/ladder/rung_06_absorption/I.cif,yes,wm2328_absorption
